{
  "provider": "gemini",
  "model": "gemini-3.1-pro-preview",
  "tracks": {
    "0.05": {
      "metrics": {
        "n": 264,
        "schema_valid_rate": 0.8446969696969697,
        "chart_type_acc": 0.8446969696969697,
        "cell_accuracy": 0.5613513513513514,
        "chart_exact_rate": 0.22348484848484848,
        "title_acc": 0.8468468468468469,
        "x_label_acc": 0.8155339805825242,
        "y_label_acc": 0.5326633165829145,
        "series_name_f1": 0.5643939393939394,
        "mae": 16378.775427294824,
        "median_rel_err": 0.0033447145376434306,
        "total_points": 7400
      },
      "slices": {
        "labeled": {
          "n": 98,
          "schema_valid_rate": 0.8367346938775511,
          "chart_type_acc": 0.8367346938775511,
          "cell_accuracy": 0.643674052894925,
          "chart_exact_rate": 0.3163265306122449,
          "title_acc": 0.8470588235294118,
          "x_label_acc": 0.8024691358024691,
          "y_label_acc": 0.5652173913043478,
          "series_name_f1": 0.5816326530612245,
          "mae": 4767.822450271248,
          "median_rel_err": 0.0,
          "total_points": 2798
        },
        "label_free": {
          "n": 166,
          "schema_valid_rate": 0.8493975903614458,
          "chart_type_acc": 0.8493975903614458,
          "cell_accuracy": 0.5112994350282486,
          "chart_exact_rate": 0.1686746987951807,
          "title_acc": 0.8467153284671532,
          "x_label_acc": 0.824,
          "y_label_acc": 0.5153846153846153,
          "series_name_f1": 0.5542168674698795,
          "mae": 23465.814054550938,
          "median_rel_err": 0.011359586707664075,
          "total_points": 4602
        },
        "by_chart_type": {
          "bar": {
            "all": {
              "n": 46,
              "schema_valid_rate": 1.0,
              "chart_type_acc": 1.0,
              "cell_accuracy": 0.564873417721519,
              "chart_exact_rate": 0.30434782608695654,
              "title_acc": 1.0,
              "x_label_acc": 1.0,
              "y_label_acc": 0.6285714285714286,
              "series_name_f1": 0.45652173913043476,
              "mae": 22981.363524976437,
              "median_rel_err": 0.003054989816700546,
              "total_points": 1264
            },
            "label_free": {
              "n": 27,
              "schema_valid_rate": 1.0,
              "chart_type_acc": 1.0,
              "cell_accuracy": 0.4846153846153846,
              "chart_exact_rate": 0.25925925925925924,
              "title_acc": 1.0,
              "x_label_acc": 1.0,
              "y_label_acc": 0.6,
              "series_name_f1": 0.37037037037037035,
              "mae": 35492.049406392696,
              "median_rel_err": 0.01814807769534799,
              "total_points": 780
            }
          },
          "grouped_bar": {
            "all": {
              "n": 35,
              "schema_valid_rate": 1.0,
              "chart_type_acc": 1.0,
              "cell_accuracy": 0.7925813777441333,
              "chart_exact_rate": 0.2571428571428571,
              "title_acc": 1.0,
              "x_label_acc": 1.0,
              "y_label_acc": 0.6333333333333333,
              "series_name_f1": 1.0,
              "mae": 3782.19359410574,
              "median_rel_err": 0.0016644428881564977,
              "total_points": 1321
            },
            "label_free": {
              "n": 20,
              "schema_valid_rate": 1.0,
              "chart_type_acc": 1.0,
              "cell_accuracy": 0.7222222222222222,
              "chart_exact_rate": 0.15,
              "title_acc": 1.0,
              "x_label_acc": 1.0,
              "y_label_acc": 0.4444444444444444,
              "series_name_f1": 1.0,
              "mae": 6229.099292430464,
              "median_rel_err": 0.009653208606689452,
              "total_points": 738
            }
          },
          "horizontal_bar": {
            "all": {
              "n": 37,
              "schema_valid_rate": 0.1891891891891892,
              "chart_type_acc": 0.1891891891891892,
              "cell_accuracy": 0.029379760609358,
              "chart_exact_rate": 0.0,
              "title_acc": 0.16666666666666666,
              "x_label_acc": 0.0,
              "y_label_acc": 0.0,
              "series_name_f1": 0.08108108108108109,
              "mae": 0.8620689655172413,
              "median_rel_err": 0.0012106537530266344,
              "total_points": 919
            },
            "label_free": {
              "n": 24,
              "schema_valid_rate": 0.125,
              "chart_type_acc": 0.125,
              "cell_accuracy": 0.04383116883116883,
              "chart_exact_rate": 0.0,
              "title_acc": 0.1,
              "x_label_acc": 0.0,
              "y_label_acc": 0.0,
              "series_name_f1": 0.08333333333333333,
              "mae": 0.8620689655172413,
              "median_rel_err": 0.0012106537530266344,
              "total_points": 616
            }
          },
          "line": {
            "all": {
              "n": 46,
              "schema_valid_rate": 1.0,
              "chart_type_acc": 1.0,
              "cell_accuracy": 0.5630630630630631,
              "chart_exact_rate": 0.3695652173913043,
              "title_acc": 1.0,
              "x_label_acc": 1.0,
              "y_label_acc": 0.6153846153846154,
              "series_name_f1": 0.43478260869565216,
              "mae": 18108.22322576192,
              "median_rel_err": 0.000994644477065371,
              "total_points": 1332
            },
            "label_free": {
              "n": 35,
              "schema_valid_rate": 1.0,
              "chart_type_acc": 1.0,
              "cell_accuracy": 0.5,
              "chart_exact_rate": 0.3142857142857143,
              "title_acc": 1.0,
              "x_label_acc": 1.0,
              "y_label_acc": 0.6551724137931034,
              "series_name_f1": 0.45714285714285713,
              "mae": 23540.263101511056,
              "median_rel_err": 0.0071739687419933385,
              "total_points": 996
            }
          },
          "multi_line": {
            "all": {
              "n": 42,
              "schema_valid_rate": 1.0,
              "chart_type_acc": 1.0,
              "cell_accuracy": 0.7479452054794521,
              "chart_exact_rate": 0.09523809523809523,
              "title_acc": 1.0,
              "x_label_acc": 1.0,
              "y_label_acc": 0.7027027027027027,
              "series_name_f1": 1.0,
              "mae": 12080.411247321275,
              "median_rel_err": 0.0028069337164710858,
              "total_points": 1460
            },
            "label_free": {
              "n": 28,
              "schema_valid_rate": 1.0,
              "chart_type_acc": 1.0,
              "cell_accuracy": 0.7387096774193549,
              "chart_exact_rate": 0.10714285714285714,
              "title_acc": 1.0,
              "x_label_acc": 1.0,
              "y_label_acc": 0.7037037037037037,
              "series_name_f1": 1.0,
              "mae": 10371.69843127856,
              "median_rel_err": 0.004869216379900641,
              "total_points": 930
            }
          },
          "pie": {
            "all": {
              "n": 31,
              "schema_valid_rate": 0.7419354838709677,
              "chart_type_acc": 0.7419354838709677,
              "cell_accuracy": 0.6,
              "chart_exact_rate": 0.41935483870967744,
              "title_acc": 0.7307692307692307,
              "x_label_acc": 0.0,
              "y_label_acc": 0.0,
              "series_name_f1": 0.12903225806451613,
              "mae": 2.226960283220471,
              "median_rel_err": 0.008945386064030128,
              "total_points": 190
            },
            "label_free": {
              "n": 18,
              "schema_valid_rate": 0.7777777777777778,
              "chart_type_acc": 0.7777777777777778,
              "cell_accuracy": 0.5327102803738317,