{
  "provider": "anthropic",
  "model": "claude-fable-5",
  "tracks": {
    "0.05": {
      "metrics": {
        "n": 158,
        "schema_valid_rate": 0.9873417721518988,
        "chart_type_acc": 0.9873417721518988,
        "cell_accuracy": 0.4113938302184193,
        "chart_exact_rate": 0.13291139240506328,
        "title_acc": 0.9849624060150376,
        "x_label_acc": 0.8189655172413793,
        "y_label_acc": 0.4954954954954955,
        "series_name_f1": 0.5759493670886076,
        "mae": 40249.458342533035,
        "median_rel_err": 0.045007630615351596,
        "total_points": 4441
      },
      "slices": {
        "labeled": {
          "n": 56,
          "schema_valid_rate": 0.9642857142857143,
          "chart_type_acc": 0.9642857142857143,
          "cell_accuracy": 0.4174454828660436,
          "chart_exact_rate": 0.21428571428571427,
          "title_acc": 0.9591836734693877,
          "x_label_acc": 0.8260869565217391,
          "y_label_acc": 0.5121951219512195,
          "series_name_f1": 0.6071428571428571,
          "mae": 45658.42604153605,
          "median_rel_err": 0.011124443033600929,
          "total_points": 1605
        },
        "label_free": {
          "n": 102,
          "schema_valid_rate": 1.0,
          "chart_type_acc": 1.0,
          "cell_accuracy": 0.40796897038081803,
          "chart_exact_rate": 0.08823529411764706,
          "title_acc": 1.0,
          "x_label_acc": 0.8142857142857143,
          "y_label_acc": 0.4857142857142857,
          "series_name_f1": 0.5588235294117647,
          "mae": 37264.232224917185,
          "median_rel_err": 0.049759793515669254,
          "total_points": 2836
        },
        "by_chart_type": {
          "bar": {
            "all": {
              "n": 31,
              "schema_valid_rate": 1.0,
              "chart_type_acc": 1.0,
              "cell_accuracy": 0.3649815043156597,
              "chart_exact_rate": 0.0967741935483871,
              "title_acc": 1.0,
              "x_label_acc": 1.0,
              "y_label_acc": 0.5217391304347826,
              "series_name_f1": 0.5483870967741935,
              "mae": 73019.14542797495,
              "median_rel_err": 0.005873715124816446,
              "total_points": 811
            },
            "label_free": {
              "n": 19,
              "schema_valid_rate": 1.0,
              "chart_type_acc": 1.0,
              "cell_accuracy": 0.342911877394636,
              "chart_exact_rate": 0.05263157894736842,
              "title_acc": 1.0,
              "x_label_acc": 1.0,
              "y_label_acc": 0.5,
              "series_name_f1": 0.47368421052631576,
              "mae": 61062.55482758621,
              "median_rel_err": 0.009403354599991837,
              "total_points": 522
            }
          },
          "grouped_bar": {
            "all": {
              "n": 21,
              "schema_valid_rate": 0.9523809523809523,
              "chart_type_acc": 0.9523809523809523,
              "cell_accuracy": 0.4818181818181818,
              "chart_exact_rate": 0.0,
              "title_acc": 0.9444444444444444,
              "x_label_acc": 0.9333333333333333,
              "y_label_acc": 0.47368421052631576,
              "series_name_f1": 0.9523809523809523,
              "mae": 23762.09695467422,
              "median_rel_err": 0.0382305194805195,
              "total_points": 770
            },
            "label_free": {
              "n": 14,
              "schema_valid_rate": 1.0,
              "chart_type_acc": 1.0,
              "cell_accuracy": 0.5,
              "chart_exact_rate": 0.0,
              "title_acc": 1.0,
              "x_label_acc": 1.0,
              "y_label_acc": 0.46153846153846156,
              "series_name_f1": 1.0,
              "mae": 24522.028260869563,
              "median_rel_err": 0.04852727820207495,
              "total_points": 510
            }
          },
          "horizontal_bar": {
            "all": {
              "n": 19,
              "schema_valid_rate": 1.0,
              "chart_type_acc": 1.0,
              "cell_accuracy": 0.5186721991701245,
              "chart_exact_rate": 0.3157894736842105,
              "title_acc": 1.0,
              "x_label_acc": 0.0,
              "y_label_acc": 0.0,
              "series_name_f1": 0.3157894736842105,
              "mae": 31288.871328502417,
              "median_rel_err": 0.013394746040214131,
              "total_points": 482
            },
            "label_free": {
              "n": 13,
              "schema_valid_rate": 1.0,
              "chart_type_acc": 1.0,
              "cell_accuracy": 0.47988505747126436,
              "chart_exact_rate": 0.3076923076923077,
              "title_acc": 1.0,
              "x_label_acc": 0.0,
              "y_label_acc": 0.0,
              "series_name_f1": 0.38461538461538464,
              "mae": 37274.01815972222,
              "median_rel_err": 0.020718947477468157,
              "total_points": 348
            }
          },
          "line": {
            "all": {
              "n": 30,
              "schema_valid_rate": 1.0,
              "chart_type_acc": 1.0,
              "cell_accuracy": 0.3679558011049724,
              "chart_exact_rate": 0.13333333333333333,
              "title_acc": 1.0,
              "x_label_acc": 1.0,
              "y_label_acc": 0.5217391304347826,
              "series_name_f1": 0.3333333333333333,
              "mae": 19965.25692982456,
              "median_rel_err": 0.016936591728165494,
              "total_points": 905
            },
            "label_free": {
              "n": 22,
              "schema_valid_rate": 1.0,
              "chart_type_acc": 1.0,
              "cell_accuracy": 0.33234859675036926,
              "chart_exact_rate": 0.09090909090909091,
              "title_acc": 1.0,
              "x_label_acc": 1.0,
              "y_label_acc": 0.5,
              "series_name_f1": 0.22727272727272727,
              "mae": 25314.704743875278,
              "median_rel_err": 0.049529648028199175,
              "total_points": 677
            }
          },
          "multi_line": {
            "all": {
              "n": 22,
              "schema_valid_rate": 1.0,
              "chart_type_acc": 1.0,
              "cell_accuracy": 0.39039408866995073,
              "chart_exact_rate": 0.0,
              "title_acc": 1.0,
              "x_label_acc": 1.0,
              "y_label_acc": 0.631578947368421,
              "series_name_f1": 1.0,
              "mae": 66094.75741256158,
              "median_rel_err": 0.19742784304286282,
              "total_points": 812
            },
            "label_free": {
              "n": 13,
              "schema_valid_rate": 1.0,
              "chart_type_acc": 1.0,
              "cell_accuracy": 0.4668094218415418,
              "chart_exact_rate": 0.0,
              "title_acc": 1.0,
              "x_label_acc": 1.0,
              "y_label_acc": 0.6363636363636364,
              "series_name_f1": 1.0,
              "mae": 41359.6400856531,
              "median_rel_err": 0.07491264862684663,
              "total_points": 467
            }
          },
          "pie": {
            "all": {
              "n": 23,
              "schema_valid_rate": 1.0,
              "chart_type_acc": 1.0,
              "cell_accuracy": 0.6301369863013698,
              "chart_exact_rate": 0.34782608695652173,
              "title_acc": 1.0,
              "x_label_acc": 0.0,
              "y_label_acc": 0.0,
              "series_name_f1": 0.21739130434782608,
              "mae": 170.39543841460096,
              "median_rel_err": 0.01999999999999985,
              "total_points": 146
            },
            "label_free": {
              "n": 15,
              "schema_valid_rate": 1.0,
              "chart_type_acc": 1.0,
              "cell_accuracy": 0.4791666666666667,
              "chart_exact_rate": 0.13333333333333333,
              "title_acc": 1.0,