{
  "provider": "anthropic",
  "model": "claude-fable-5",
  "tracks": {
    "0.05": {
      "metrics": {
        "n": 300,
        "schema_valid_rate": 0.99,
        "chart_type_acc": 0.99,
        "cell_accuracy": 0.4442307692307692,
        "chart_exact_rate": 0.14,
        "title_acc": 0.9882352941176471,
        "x_label_acc": 0.8122270742358079,
        "y_label_acc": 0.49321266968325794,
        "series_name_f1": 0.6037128427128428,
        "mae": 29876.340713510665,
        "median_rel_err": 0.03448275862068969,
        "total_points": 8320
      },
      "slices": {
        "labeled": {
          "n": 110,
          "schema_valid_rate": 0.9727272727272728,
          "chart_type_acc": 0.9727272727272728,
          "cell_accuracy": 0.47632944228274965,
          "chart_exact_rate": 0.2545454545454545,
          "title_acc": 0.9690721649484536,
          "x_label_acc": 0.8021978021978022,
          "y_label_acc": 0.5316455696202531,
          "series_name_f1": 0.6298229043683589,
          "mae": 31346.681519388952,
          "median_rel_err": 0.0,
          "total_points": 3084
        },
        "label_free": {
          "n": 190,
          "schema_valid_rate": 1.0,
          "chart_type_acc": 1.0,
          "cell_accuracy": 0.4253246753246753,
          "chart_exact_rate": 0.07368421052631578,
          "title_acc": 1.0,
          "x_label_acc": 0.8188405797101449,
          "y_label_acc": 0.47183098591549294,
          "series_name_f1": 0.5885964912280701,
          "mae": 29035.440158535916,
          "median_rel_err": 0.050000000000000044,
          "total_points": 5236
        },
        "by_chart_type": {
          "bar": {
            "all": {
              "n": 52,
              "schema_valid_rate": 0.9807692307692307,
              "chart_type_acc": 0.9807692307692307,
              "cell_accuracy": 0.39774330042313116,
              "chart_exact_rate": 0.11538461538461539,
              "title_acc": 0.9777777777777777,
              "x_label_acc": 0.9782608695652174,
              "y_label_acc": 0.5641025641025641,
              "series_name_f1": 0.46153846153846156,
              "mae": 40697.73961706783,
              "median_rel_err": 0.006471062698047364,
              "total_points": 1418
            },
            "label_free": {
              "n": 31,
              "schema_valid_rate": 1.0,
              "chart_type_acc": 1.0,
              "cell_accuracy": 0.366369710467706,
              "chart_exact_rate": 0.06451612903225806,
              "title_acc": 1.0,
              "x_label_acc": 1.0,
              "y_label_acc": 0.5909090909090909,
              "series_name_f1": 0.45161290322580644,
              "mae": 33352.797025210086,
              "median_rel_err": 0.020222771931295683,
              "total_points": 898
            }
          },
          "grouped_bar": {
            "all": {
              "n": 40,
              "schema_valid_rate": 0.975,
              "chart_type_acc": 0.975,
              "cell_accuracy": 0.5212407282535402,
              "chart_exact_rate": 0.025,
              "title_acc": 0.9705882352941176,
              "x_label_acc": 0.9696969696969697,
              "y_label_acc": 0.6,
              "series_name_f1": 0.968560606060606,
              "mae": 17671.717678697805,
              "median_rel_err": 0.028368794326241162,
              "total_points": 1483
            },
            "label_free": {
              "n": 24,
              "schema_valid_rate": 1.0,
              "chart_type_acc": 1.0,
              "cell_accuracy": 0.5204545454545455,
              "chart_exact_rate": 0.0,
              "title_acc": 1.0,
              "x_label_acc": 1.0,
              "y_label_acc": 0.5,
              "series_name_f1": 0.9930555555555555,
              "mae": 14743.589011494252,
              "median_rel_err": 0.034839722995645035,
              "total_points": 880
            }
          },
          "horizontal_bar": {
            "all": {
              "n": 42,
              "schema_valid_rate": 1.0,
              "chart_type_acc": 1.0,
              "cell_accuracy": 0.5756704980842912,
              "chart_exact_rate": 0.30952380952380953,
              "title_acc": 1.0,
              "x_label_acc": 0.0,
              "y_label_acc": 0.0,
              "series_name_f1": 0.38095238095238093,
              "mae": 24393.155957219253,
              "median_rel_err": 0.008916001877053088,
              "total_points": 1044
            },
            "label_free": {
              "n": 27,
              "schema_valid_rate": 1.0,
              "chart_type_acc": 1.0,
              "cell_accuracy": 0.4830028328611898,
              "chart_exact_rate": 0.18518518518518517,
              "title_acc": 1.0,
              "x_label_acc": 0.0,
              "y_label_acc": 0.0,
              "series_name_f1": 0.37037037037037035,
              "mae": 33975.09953795379,
              "median_rel_err": 0.024695121951219454,
              "total_points": 706
            }
          },
          "line": {
            "all": {
              "n": 52,
              "schema_valid_rate": 1.0,
              "chart_type_acc": 1.0,
              "cell_accuracy": 0.37808951235804944,
              "chart_exact_rate": 0.1346153846153846,
              "title_acc": 1.0,
              "x_label_acc": 1.0,
              "y_label_acc": 0.4772727272727273,
              "series_name_f1": 0.36538461538461536,
              "mae": 34095.39769153226,
              "median_rel_err": 0.022222222222222143,
              "total_points": 1497
            },
            "label_free": {
              "n": 39,
              "schema_valid_rate": 1.0,
              "chart_type_acc": 1.0,
              "cell_accuracy": 0.3664259927797834,
              "chart_exact_rate": 0.1282051282051282,
              "title_acc": 1.0,
              "x_label_acc": 1.0,
              "y_label_acc": 0.46875,
              "series_name_f1": 0.3076923076923077,
              "mae": 29616.42126835781,
              "median_rel_err": 0.03544977349536205,
              "total_points": 1108
            }
          },
          "multi_line": {
            "all": {
              "n": 44,
              "schema_valid_rate": 1.0,
              "chart_type_acc": 1.0,
              "cell_accuracy": 0.4430051813471503,
              "chart_exact_rate": 0.0,
              "title_acc": 1.0,
              "x_label_acc": 1.0,
              "y_label_acc": 0.631578947368421,
              "series_name_f1": 1.0,
              "mae": 39149.456171632126,
              "median_rel_err": 0.10442811669970345,
              "total_points": 1544
            },
            "label_free": {
              "n": 29,
              "schema_valid_rate": 1.0,
              "chart_type_acc": 1.0,
              "cell_accuracy": 0.491869918699187,
              "chart_exact_rate": 0.0,
              "title_acc": 1.0,
              "x_label_acc": 1.0,
              "y_label_acc": 0.6296296296296297,
              "series_name_f1": 1.0,
              "mae": 25423.665406504064,
              "median_rel_err": 0.053919108711748265,
              "total_points": 984
            }
          },
          "pie": {
            "all": {
              "n": 39,
              "schema_valid_rate": 1.0,
              "chart_type_acc": 1.0,
              "cell_accuracy": 0.5942622950819673,
              "chart_exact_rate": 0.358974358974359,
              "title_acc": 1.0,
              "x_label_acc": 0.0,
              "y_label_acc": 0.0,
              "series_name_f1": 0.2564102564102564,
              "mae": 102.82781846035067,
              "median_rel_err": 0.022030214429256928,
              "total_points": 244
            },
            "label_free": {
              "n": 24,
              "schema_valid_rate": 1.0,
              "chart_type_acc": 1.0,
              "cell_accuracy": 0.4161073825503356,
              "chart_exact_rate": 0.08333333333333333,
              "title_acc": 1.0,