{
  "provider": "openai",
  "model": "gpt-5.5",
  "tracks": {
    "0.05": {
      "metrics": {
        "n": 218,
        "schema_valid_rate": 1.0,
        "chart_type_acc": 0.9954128440366973,
        "cell_accuracy": 0.39073066138875145,
        "chart_exact_rate": 0.14220183486238533,
        "title_acc": 1.0,
        "x_label_acc": 0.8148148148148148,
        "y_label_acc": 0.810126582278481,
        "series_name_f1": 0.6505606523955147,
        "mae": 47139.06586605658,
        "median_rel_err": 0.08139534883720931,
        "total_points": 6063
      },
      "slices": {
        "labeled": {
          "n": 78,
          "schema_valid_rate": 1.0,
          "chart_type_acc": 0.9871794871794872,
          "cell_accuracy": 0.4563328760859625,
          "chart_exact_rate": 0.2692307692307692,
          "title_acc": 1.0,
          "x_label_acc": 0.8181818181818182,
          "y_label_acc": 0.8070175438596491,
          "series_name_f1": 0.67008547008547,
          "mae": 39844.10014762931,
          "median_rel_err": 0.007718141163509287,
          "total_points": 2187
        },
        "label_free": {
          "n": 140,
          "schema_valid_rate": 1.0,
          "chart_type_acc": 1.0,
          "cell_accuracy": 0.35371517027863775,
          "chart_exact_rate": 0.07142857142857142,
          "title_acc": 1.0,
          "x_label_acc": 0.8125,
          "y_label_acc": 0.8118811881188119,
          "series_name_f1": 0.6396825396825397,
          "mae": 51376.76739137771,
          "median_rel_err": 0.12499999999999994,
          "total_points": 3876
        },
        "by_chart_type": {
          "bar": {
            "all": {
              "n": 39,
              "schema_valid_rate": 1.0,
              "chart_type_acc": 1.0,
              "cell_accuracy": 0.3672316384180791,
              "chart_exact_rate": 0.15384615384615385,
              "title_acc": 1.0,
              "x_label_acc": 1.0,
              "y_label_acc": 0.9310344827586207,
              "series_name_f1": 0.358974358974359,
              "mae": 54295.98117647059,
              "median_rel_err": 0.008468701067402948,
              "total_points": 1062
            },
            "label_free": {
              "n": 24,
              "schema_valid_rate": 1.0,
              "chart_type_acc": 1.0,
              "cell_accuracy": 0.2960812772133527,
              "chart_exact_rate": 0.041666666666666664,
              "title_acc": 1.0,
              "x_label_acc": 1.0,
              "y_label_acc": 0.8888888888888888,
              "series_name_f1": 0.3333333333333333,
              "mae": 55302.571121495326,
              "median_rel_err": 0.10957854406130269,
              "total_points": 689
            }
          },
          "grouped_bar": {
            "all": {
              "n": 28,
              "schema_valid_rate": 1.0,
              "chart_type_acc": 1.0,
              "cell_accuracy": 0.39357429718875503,
              "chart_exact_rate": 0.0,
              "title_acc": 1.0,
              "x_label_acc": 1.0,
              "y_label_acc": 0.9166666666666666,
              "series_name_f1": 0.8769841269841271,
              "mae": 31114.034214437368,
              "median_rel_err": 0.10638685291479519,
              "total_points": 996
            },
            "label_free": {
              "n": 18,
              "schema_valid_rate": 1.0,
              "chart_type_acc": 1.0,
              "cell_accuracy": 0.3685064935064935,
              "chart_exact_rate": 0.0,
              "title_acc": 1.0,
              "x_label_acc": 1.0,
              "y_label_acc": 0.875,
              "series_name_f1": 0.808641975308642,
              "mae": 41428.17154237288,
              "median_rel_err": 0.11716367333107422,
              "total_points": 616
            }
          },
          "horizontal_bar": {
            "all": {
              "n": 31,
              "schema_valid_rate": 1.0,
              "chart_type_acc": 1.0,
              "cell_accuracy": 0.4730077120822622,
              "chart_exact_rate": 0.25806451612903225,
              "title_acc": 1.0,
              "x_label_acc": 0.0,
              "y_label_acc": 0.0,
              "series_name_f1": 0.5161290322580645,
              "mae": 42885.95556053812,
              "median_rel_err": 0.019114688128772588,
              "total_points": 778
            },
            "label_free": {
              "n": 19,
              "schema_valid_rate": 1.0,
              "chart_type_acc": 1.0,
              "cell_accuracy": 0.3359375,
              "chart_exact_rate": 0.05263157894736842,
              "title_acc": 1.0,
              "x_label_acc": 0.0,
              "y_label_acc": 0.0,
              "series_name_f1": 0.5789473684210527,
              "mae": 51981.16161214953,
              "median_rel_err": 0.24237331954498453,
              "total_points": 512
            }
          },
          "line": {
            "all": {
              "n": 39,
              "schema_valid_rate": 1.0,
              "chart_type_acc": 1.0,
              "cell_accuracy": 0.3938053097345133,
              "chart_exact_rate": 0.20512820512820512,
              "title_acc": 1.0,
              "x_label_acc": 1.0,
              "y_label_acc": 1.0,
              "series_name_f1": 0.46153846153846156,
              "mae": 36714.0712583668,
              "median_rel_err": 0.01220215133850142,
              "total_points": 1130
            },
            "label_free": {
              "n": 30,
              "schema_valid_rate": 1.0,
              "chart_type_acc": 1.0,
              "cell_accuracy": 0.3728620296465222,
              "chart_exact_rate": 0.16666666666666666,
              "title_acc": 1.0,
              "x_label_acc": 1.0,
              "y_label_acc": 1.0,
              "series_name_f1": 0.5,
              "mae": 46600.464863481226,
              "median_rel_err": 0.018914044135698242,
              "total_points": 877
            }
          },
          "multi_line": {
            "all": {
              "n": 30,
              "schema_valid_rate": 1.0,
              "chart_type_acc": 1.0,
              "cell_accuracy": 0.34995383194829177,
              "chart_exact_rate": 0.0,
              "title_acc": 1.0,
              "x_label_acc": 1.0,
              "y_label_acc": 0.9629629629629629,
              "series_name_f1": 1.0,
              "mae": 80323.85939285715,
              "median_rel_err": 0.24515560712022086,
              "total_points": 1083
            },
            "label_free": {
              "n": 20,
              "schema_valid_rate": 1.0,
              "chart_type_acc": 1.0,
              "cell_accuracy": 0.3983050847457627,
              "chart_exact_rate": 0.0,
              "title_acc": 1.0,
              "x_label_acc": 1.0,
              "y_label_acc": 1.0,
              "series_name_f1": 1.0,
              "mae": 56541.93679245283,
              "median_rel_err": 0.12,
              "total_points": 708
            }
          },
          "pie": {
            "all": {
              "n": 29,
              "schema_valid_rate": 1.0,
              "chart_type_acc": 1.0,
              "cell_accuracy": 0.6868131868131868,
              "chart_exact_rate": 0.3103448275862069,
              "title_acc": 1.0,
              "x_label_acc": 0.0,
              "y_label_acc": 0.0,
              "series_name_f1": 0.6206896551724138,
              "mae": 1323.353051932857,
              "median_rel_err": 0.011702756739984638,
              "total_points": 182
            },
            "label_free": {
              "n": 19,
              "schema_valid_rate": 1.0,
              "chart_type_acc": 1.0,
              "cell_accuracy": 0.6147540983606558,
              "chart_exact_rate": 0.15789473684210525,
              "title_acc": 1.0,
              "x_label_acc": 0.0,
              "y_label_acc": 0.0,
              "series_name_f1": 0.5789473684210527,
              "mae": 0.0068479654094488205,