{
  "provider": "gemini",
  "model": "gemini-3.1-pro-preview",
  "tracks": {
    "0.05": {
      "metrics": {
        "n": 257,
        "schema_valid_rate": 0.8482490272373541,
        "chart_type_acc": 0.8482490272373541,
        "cell_accuracy": 0.85662100456621,
        "chart_exact_rate": 0.5875486381322957,
        "title_acc": 0.8660714285714286,
        "x_label_acc": 0.8602150537634409,
        "y_label_acc": 0.48186528497409326,
        "series_name_f1": 0.5933852140077821,
        "mae": 1141.4898755518066,
        "median_rel_err": 0.0,
        "total_points": 3285
      },
      "slices": {
        "labeled": {
          "n": 119,
          "schema_valid_rate": 0.8487394957983193,
          "chart_type_acc": 0.8487394957983193,
          "cell_accuracy": 0.8859764089121888,
          "chart_exact_rate": 0.7142857142857143,
          "title_acc": 0.8411214953271028,
          "x_label_acc": 0.8666666666666667,
          "y_label_acc": 0.5287356321839081,
          "series_name_f1": 0.6113445378151261,
          "mae": 192.2293371347113,
          "median_rel_err": 0.0,
          "total_points": 1526
        },
        "label_free": {
          "n": 138,
          "schema_valid_rate": 0.8478260869565217,
          "chart_type_acc": 0.8478260869565217,
          "cell_accuracy": 0.8311540648095509,
          "chart_exact_rate": 0.4782608695652174,
          "title_acc": 0.8888888888888888,
          "x_label_acc": 0.8541666666666666,
          "y_label_acc": 0.44339622641509435,
          "series_name_f1": 0.5778985507246377,
          "mae": 1968.7026304581325,
          "median_rel_err": 0.0022195789103178452,
          "total_points": 1759
        },
        "by_chart_type": {
          "bar": {
            "all": {
              "n": 50,
              "schema_valid_rate": 1.0,
              "chart_type_acc": 1.0,
              "cell_accuracy": 0.92,
              "chart_exact_rate": 0.74,
              "title_acc": 1.0,
              "x_label_acc": 1.0,
              "y_label_acc": 0.6428571428571429,
              "series_name_f1": 0.36,
              "mae": 1027.3882825272324,
              "median_rel_err": 0.0,
              "total_points": 375
            },
            "label_free": {
              "n": 29,
              "schema_valid_rate": 1.0,
              "chart_type_acc": 1.0,
              "cell_accuracy": 0.8599033816425121,
              "chart_exact_rate": 0.5862068965517241,
              "title_acc": 1.0,
              "x_label_acc": 1.0,
              "y_label_acc": 0.7307692307692307,
              "series_name_f1": 0.3103448275862069,
              "mae": 1861.0705601338752,
              "median_rel_err": 0.003165611462845718,
              "total_points": 207
            }
          },
          "grouped_bar": {
            "all": {
              "n": 37,
              "schema_valid_rate": 1.0,
              "chart_type_acc": 1.0,
              "cell_accuracy": 0.9130434782608695,
              "chart_exact_rate": 0.6486486486486487,
              "title_acc": 1.0,
              "x_label_acc": 1.0,
              "y_label_acc": 0.5625,
              "series_name_f1": 1.0,
              "mae": 1229.4335603413897,
              "median_rel_err": 0.0,
              "total_points": 851
            },
            "label_free": {
              "n": 20,
              "schema_valid_rate": 1.0,
              "chart_type_acc": 1.0,
              "cell_accuracy": 0.9049773755656109,
              "chart_exact_rate": 0.5,
              "title_acc": 1.0,
              "x_label_acc": 1.0,
              "y_label_acc": 0.5,
              "series_name_f1": 1.0,
              "mae": 2340.585882014757,
              "median_rel_err": 0.0013727359749157557,
              "total_points": 442
            }
          },
          "horizontal_bar": {
            "all": {
              "n": 37,
              "schema_valid_rate": 0.08108108108108109,
              "chart_type_acc": 0.08108108108108109,
              "cell_accuracy": 0.023346303501945526,
              "chart_exact_rate": 0.02702702702702703,
              "title_acc": 0.07407407407407407,
              "x_label_acc": 0.0,
              "y_label_acc": 0.0,
              "series_name_f1": 0.02702702702702703,
              "mae": 2196.714285714286,
              "median_rel_err": 0.004328550616792261,
              "total_points": 257
            },
            "label_free": {
              "n": 21,
              "schema_valid_rate": 0.047619047619047616,
              "chart_type_acc": 0.047619047619047616,
              "cell_accuracy": 0.039735099337748346,
              "chart_exact_rate": 0.047619047619047616,
              "title_acc": 0.07692307692307693,
              "x_label_acc": 0.0,
              "y_label_acc": 0.0,
              "series_name_f1": 0.047619047619047616,
              "mae": 2380.1666666666665,
              "median_rel_err": 0.003957589031965363,
              "total_points": 151
            }
          },
          "line": {
            "all": {
              "n": 36,
              "schema_valid_rate": 1.0,
              "chart_type_acc": 1.0,
              "cell_accuracy": 0.9575289575289575,
              "chart_exact_rate": 0.8888888888888888,
              "title_acc": 1.0,
              "x_label_acc": 1.0,
              "y_label_acc": 0.4838709677419355,
              "series_name_f1": 0.6388888888888888,
              "mae": 499.31448633507466,
              "median_rel_err": 0.0,
              "total_points": 259
            },
            "label_free": {
              "n": 17,
              "schema_valid_rate": 1.0,
              "chart_type_acc": 1.0,
              "cell_accuracy": 0.912,
              "chart_exact_rate": 0.7647058823529411,
              "title_acc": 1.0,
              "x_label_acc": 1.0,
              "y_label_acc": 0.4375,
              "series_name_f1": 0.6470588235294118,
              "mae": 1033.3700156862747,
              "median_rel_err": 0.001218026796589525,
              "total_points": 125
            }
          },
          "multi_line": {
            "all": {
              "n": 27,
              "schema_valid_rate": 1.0,
              "chart_type_acc": 1.0,
              "cell_accuracy": 0.9727095516569201,
              "chart_exact_rate": 0.6666666666666666,
              "title_acc": 1.0,
              "x_label_acc": 1.0,
              "y_label_acc": 0.5909090909090909,
              "series_name_f1": 0.9907407407407407,
              "mae": 156.8027628223876,
              "median_rel_err": 0.0,
              "total_points": 513
            },
            "label_free": {
              "n": 12,
              "schema_valid_rate": 1.0,
              "chart_type_acc": 1.0,
              "cell_accuracy": 0.9831932773109243,
              "chart_exact_rate": 0.75,
              "title_acc": 1.0,
              "x_label_acc": 1.0,
              "y_label_acc": 0.5,
              "series_name_f1": 1.0,
              "mae": 14.751963562541382,
              "median_rel_err": 0.0006198411636867165,
              "total_points": 238
            }
          },
          "pie": {
            "all": {
              "n": 31,
              "schema_valid_rate": 0.8387096774193549,
              "chart_type_acc": 0.8387096774193549,
              "cell_accuracy": 0.6959459459459459,
              "chart_exact_rate": 0.5483870967741935,
              "title_acc": 0.8275862068965517,
              "x_label_acc": 0.0,
              "y_label_acc": 0.0,
              "series_name_f1": 0.25806451612903225,
              "mae": 1173.9497717444897,
              "median_rel_err": 0.0,
              "total_points": 148
            },
            "label_free": {
              "n": 15,
              "schema_valid_rate": 0.9333333333333333,
              "chart_type_acc": 0.9333333333333333,
              "cell_accuracy": 0.6323529411764706,
              "chart_exact_rate": 0.4,
              "title_acc": 0.9230769230769231,